	time	score
0	-1.8779444140653527	-1.8900608320974421
1	-0.8690319159134381	-0.8948283706041527
2	-2.53018242461237	-2.5334550232738238
3	2.7602054471376105	2.685199472037213
4	0.5910001292584074	0.5454068220782007
5	-1.2956004711033724	-1.3156130015359335
6	-0.19682800607291293	-0.23173900156427574
7	0.2920773580754287	0.2505372016643636
8	-0.8216931030467899	-0.8481314337144378
9	-1.5015663386613785	-1.5187861386799737
10	-0.17875424424894285	-0.21391030531810762
11	0.07219695582142459	0.03363819964958534
12	-0.5046278956340836	-0.5353653738180183
13	0.8011391202013578	0.7526964984326493
14	0.0983822392118015	0.0594684317968138
15	-0.16362305832026347	-0.19898428602040164
16	0.2826603073765432	0.2412478385489037
17	1.2912053951699345	1.2361178714706755
18	2.154094449461701	2.087306848781871
19	0.2404567804145877	0.19961655724454525
20	-0.4321556223964801	-0.46387576593190993
21	0.2292033674315353	0.18851573143077144
22	-0.6980451204787529	-0.7261600176845241
23	-1.8714764848963223	-1.8836806028115034
24	0.8171942874098141	0.7685339705720343
25	1.3208829066998986	1.265392979971229
26	1.8817549911074851	1.8186600929967085
27	0.1006501375000681	0.06170557922038365
28	0.3838936574929074	0.3411085463962861
29	-1.188459787190205	-1.2099250585554506
30	1.5849037851782541	1.5258339490889192
31	0.7518021927556989	0.7040285397799401
32	-0.2849795659847709	-0.31869529769129795
33	1.4414378792268827	1.3843133246721433
34	2.0330680739547153	1.9679214929437154
35	-1.1580671989694469	-1.1799445692251038
36	-1.92248375397812	-1.9339962546200753
37	0.08870020091638904	0.04991767410210167
38	-0.5498836494895158	-0.580007496290263
39	0.2875576503663561	0.24607877753266727
40	0.4149709330681099	0.37176443927487446
41	0.027789975056096962	-0.010166658408489362
42	0.2558937639523236	0.21484422778330292
43	1.6629802267610982	1.6028517373346456
44	-0.6527694320539383	-0.6814982309395187
45	0.32083804263551363	0.27890791462648556
46	0.5770034978029263	0.5315999736135726
47	-0.6147012180914211	-0.6439461911382787
48	-0.2269374381224628	-0.2614401740918525
49	1.3838973604426477	1.3275530087377754
50	1.894697503366681	1.8314271152679376
51	1.371706039621917	1.3155269923572712
52	0.5423310970865318	0.49739770258009086
53	-0.8999757625268376	-0.9253526437096359
54	-2.248257767576606	-2.255353036341051
55	0.17474250010593242	0.13479330937454476
56	0.08931731294908885	0.05052641859525242
57	-0.6714499242027809	-0.6999254307385634
58	-0.9367294093129166	-0.9616079408010756
59	-0.3057155081167692	-0.3391500772358206
60	-0.1595804923213161	-0.19499653394353555
61	0.5069596102163996	0.4625058244351353
62	-0.9800778268700864	-1.0043685889110814
63	0.4264350744400753	0.38307313617121347
64	-1.003980908473062	-1.0279475640794735
65	0.8168177239343659	0.7681625129924472
66	1.6353636094477413	1.5756095789936235
67	1.2475765478644656	1.1930805960127213
68	-0.7164964811383462	-0.7443611928318087
69	-1.5566838772189358	-1.573156328037891
70	-2.036167443597009	-2.046138485446132
71	0.6463124759223903	0.5999691781023373
72	-1.5376343534193548	-1.5543651003585237
73	-1.9450722621737433	-1.9562784809322389
74	0.5034182196277557	0.459012452235761
75	1.1503650512708898	1.097187208610454
76	0.17542638744453995	0.13546792375451644
77	-0.11546784235652367	-0.15148201579863121
78	1.8118942701319458	1.7497466268383055
79	0.5299699157242349	0.48520412882944497
80	-0.7418130470339023	-0.7693344865901317
81	-1.148299788896272	-1.1703095973248188
82	-1.4148658384389108	-1.4332612270477327
83	0.7675274306050095	0.7195405561351784
84	-0.9914316617972176	-1.0155684750286742
85	-0.24075085724794326	-0.2750662944373459
86	-1.1837320764315806	-1.205261451727155
87	-0.5710951495947256	-0.6009313856268926
88	0.16044783178562694	0.12069246518368844
89	0.4862493261083112	0.44207635501249104
90	-1.7353539435145648	-1.749403772885971
91	0.5980896167979041	0.5524001819063162
92	-0.8619124623384852	-0.8878054510557611
93	-0.08062350472742423	-0.1171101391777805
94	1.007541614710232	0.9563003422195975
95	0.8728806422550243	0.8234652635292581
96	-0.7770615067861355	-0.8041050057653041
97	-0.11272971690471716	-0.14878101711116276
98	0.2578969838252818	0.2168202856165921
99	0.017244070269779532	-0.020569569263876746
100	1.2913026980266398	1.2362138549794204
101	-1.4426974043587228	-1.4607154194661287
102	0.23279646498016365	0.19206010948561486
103	-2.4175890597551866	-2.4223883332884313
104	0.5665176729618873	0.5212563280680464
105	-0.19150640904588775	-0.22648956108456808
106	1.5726680679456164	1.5137641382759102
107	-0.6606240197938981	-0.6892463168288047
108	0.052975646954748636	0.01467751616955544
109	-0.9700901564461536	-0.9945163432120718
110	1.0551434493113567	1.0032567344820118
111	-0.2396320734654708	-0.2739626804571956
112	1.199222044619854	1.1453817406842648
113	-0.96096953787888	-0.9855193928485108
114	-1.00785881726518	-1.0317728915679283
115	-1.3052495539052846	-1.3251312505869564
116	0.5537942703041484	0.5087054444494702
117	-0.29771178609453386	-0.33125487920438745
118	-1.8988092115352384	-1.9106427198057918
119	0.5519664082287561	0.5069023667039817
120	0.05537528390641768	0.017044615986907728
121	0.2995023312069633	0.2578614981714984
122	-0.1625311850872683	-0.1979072177044645
123	0.8771562040702369	0.8276828521877544
124	-0.3592006438510001	-0.3919099978311013
125	-1.0222900637379917	-1.0460084620221166
126	-0.08998864562439546	-0.1263482963462139
127	0.009356722071302049	-0.028349971406385892
128	-0.03807488375047624	-0.0751384430538845
129	-0.11833586200885993	-0.15431114742643265
130	0.2227696434280413	0.18216924351601704
131	-0.9011097235819796	-0.9264712291709258
132	-0.5316488596432982	-0.5620199554314607
133	-0.7855464527313419	-0.8124749027129121
134	-0.3903968735006119	-0.4226832318631553
135	0.01999171424446735	-0.017859181116991075
136	-0.6113531517758014	-0.6406435218913017
137	0.1249141450039595	0.08564058642668095
138	-0.6096895440070935	-0.6390024712970794
139	0.9958528660442092	0.9447700835222662
140	0.5328748259694602	0.4880696508435626
141	-0.6127701762267231	-0.6420413326378931
142	2.44705627617377	2.376296350305839
143	-0.9064947005743282	-0.9317831902349397
144	-0.923712247899339	-0.9487672815575625
145	-0.9329237866318416	-0.9578539192825211
146	0.23877757721720055	0.19796012268303054
147	1.3754363165833592	1.3192066897831514
148	-0.18847867640485744	-0.22350288204689556
149	0.6928962035189807	0.6459212680669387
150	0.25336989898937284	0.2123545843859268
151	1.3751210859316	1.3188957334038192
152	-1.003245139638096	-1.0272217716742307
153	-1.7705177551420834	-1.7840907916964688
154	0.1170045907303518	0.07783827930544229
155	-0.4134547765281565	-0.445428488393342
156	-0.4094313698286121	-0.44145963583129033
157	-1.4575092050425993	-1.4753263841243769
158	0.2471669950557156	0.20623578680773424
159	-0.2879865661316085	-0.321661525350614
160	-0.1479328829903674	-0.18350685676520123
161	-0.815326753587447	-0.8418514067995624
162	1.3328288104545976	1.2771769069424268
163	0.14535060547701786	0.10579994504109837
164	1.1039201638310538	1.0513720762424865
165	-0.27944848076471696	-0.3132392095088572
166	1.2340703052773132	1.1797574871403866
167	-0.13435809662301906	-0.17011613351083693
168	-2.081558307666957	-2.0909138861477694
169	-0.4325763761498779	-0.46429081460505417
170	-0.3522752894451681	-0.3850785456242403
171	-0.6747275103117134	-0.703158575433395
172	-0.1148781253379219	-0.15090029486536632
173	1.1212225251941528	1.0684398315935066
174	0.9631269561443264	0.9124879104657047
175	0.12731764391713227	0.08801149584046562
176	0.3875652016945597	0.344730307431049
177	0.9620793493173534	0.9114545083391621
178	-0.6244151569119152	-0.653528416812779
179	-2.443315022791255	-2.4477654730934892
180	0.5967931667523978	0.5511213106738201
181	1.192805165554872	1.1390518693042937
182	-1.3244886972948615	-1.3441095267681955
183	-1.1953403146648631	-1.2167122916480326
184	-0.4118492205484267	-0.44384470245283797
185	-1.897871427616133	-1.9097176514773988
186	1.6422143824881057	1.5823674610979517
187	-0.4321140627409853	-0.4638347697916969
188	2.8118783750058736	2.736171756838024
189	3.0067994526549136	2.9284498624823936
190	0.8481328612401356	0.7990530423891092
191	0.526928824288648	0.48220427213165473
192	0.6609252321271861	0.6143837971634944
193	1.5982352478780302	1.5389846479476483
194	-0.37456204068302057	-0.407063106558678
195	-1.0621561234278298	-1.0853339702181524
196	0.6901891800204716	0.6432509496154611
197	1.0347094640539574	0.983099817521333
198	0.23502701286442304	0.19426041294641694
199	-1.9836623172683756	-1.9943452861223256
200	0.6454351324899957	0.5991037307365882
201	0.5460880956175349	0.5011037592526824
202	-0.3874592597550854	-0.41978544978172383
203	-0.5603734188841619	-0.5903550329044429
204	-0.4472718355022172	-0.4787870154260307
205	-1.5465558228110778	-1.5631656018481233
206	-0.0349433855520906	-0.07204940543580568
207	-0.8694584031961627	-0.895249075064608
208	0.045954073737739486	0.007751149800697993
209	-2.121711296956548	-2.1305224334104835
210	-1.2714883217896304	-1.2918277934456717
211	0.4035362652374241	0.3604848162824571
212	0.9580376451698568	0.9074676064277388
213	0.9482906934487536	0.8978528154808344
214	1.3547159852014996	1.298767309319634
215	-0.7755490016754872	-0.802613008999431
216	-0.3437787059234367	-0.3766971688962232
217	0.5332786943612728	0.48846804310695435
218	-0.5885016196794289	-0.6181018380695386
219	-0.3433544220207748	-0.37627863793978084
220	0.3848842423268121	0.34208569970182134
221	-2.0345775029998188	-2.044570103156223
222	-0.3426136311258968	-0.37554789156969254
223	-0.03438774499124846	-0.07150129891112153
224	0.22800103719410006	0.1873297038179484
225	0.3849164190872001	0.3421174401713888
226	-1.2358578613283202	-1.2566804531817692
227	1.147264793112611	1.0941289874428302
228	1.6528807080524701	1.5928891599231285
229	-0.18797488938913726	-0.22300592597524216
230	-0.3871271811779628	-0.41945787392125594
231	0.02930916339279372	-0.008668069035702195
232	-1.8868369253608048	-1.8988327681391117
233	1.801133934978915	1.7391321931183745
234	-0.8563472362366348	-0.8823156849142406
235	0.3240851894311807	0.28211103274049587
236	0.6579134717716459	0.611412873840052
237	-0.11236933151636036	-0.1484255182569038
238	0.009063786618308695	-0.02863893489179742
239	-0.4834142181612777	-0.5144393366371344
240	-1.1091931943783102	-1.1317332565677922
241	-0.4984602964631679	-0.5292814022985672
242	1.0574624952192413	1.0055443360048868
243	1.10432082834985	1.051767308074786
244	-0.1504431581703596	-0.18598309464607343
245	-1.6708626197997498	-1.6857868993085048
246	0.5476469947690272	0.5026415209937664
247	1.8694573206999017	1.8065291690436487
248	0.6275708914907985	0.5814817143824371
249	-0.030964546879535582	-0.06812451659437972
250	-0.3080471180547009	-0.34145007243066716
251	0.2876837237184459	0.24620314143217187
252	0.5943416636812412	0.5487030479995697
253	-0.6951760934699994	-0.7233298923592428
254	0.3712968457031249	0.3286825371759848
255	1.0214069407164796	0.9699776656305787
256	-0.9147257538510428	-0.939902637093089
257	-0.7982754176730532	-0.8250312731953934
258	-1.4465690090837122	-1.4645345283655014
259	-1.7690516192236636	-1.7826445353941178
260	0.027896998677122968	-0.010061085941118066
261	-0.9682228485851516	-0.9926743545338912
262	-2.030393553778298	-2.0404428848988174
263	-1.0371414483202512	-1.0606584738531328
264	-1.4479419823037636	-1.465888885180249
265	0.7087292244274667	0.6615396060303312
266	0.05818992599669085	0.019821093809173143
267	0.4699524461899238	0.4260004475918308
268	-0.9735831199781424	-0.9979619449864727
269	-0.16924680489035476	-0.20453177913999193
270	-0.9792960358167572	-1.0035973983114967
271	0.030367880342729508	-0.007623707430469501
272	-1.5744802454449096	-1.5907113919186737
273	-0.07463857612378184	-0.11120636136060082
274	-1.3706690125520165	-1.3896636743380812
275	-0.20576981240262252	-0.24055956423944758
276	1.5055046227028763	1.447511374975086
277	-0.5167346429102685	-0.5473079634027698
278	1.5153967347875952	1.4572693580285974
279	-0.5835617676212936	-0.6132289664060037
280	-1.4473131452195294	-1.46526857461777
281	0.6832235112340393	0.6363797296583623
282	-1.188857106078279	-1.2103169901210722
283	-0.5095596910165758	-0.5402302980479091
284	1.255587523036075	1.2009829488466952
285	1.3563036839265503	1.3003334801353752
286	1.3184465106346899	1.2629896194641563
287	1.0313906063951273	0.979825960885407
288	0.17897290933060103	0.13896635767506932
289	-1.195485322544844	-1.2168553333385594
290	0.054454337976693634	0.016136157338392222
291	0.41795435788282254	0.3747074112644826
292	1.0681657526296129	1.016102465910139
293	0.5346685247886942	0.48983902855898764
294	-0.2734540747797262	-0.3073260828159473
295	2.13030918450722	2.063844092763605
296	-1.3784125790520605	-1.397302244345582
297	1.485104715419279	1.4273880739184739
298	0.41393412821599496	0.37074169265715623
299	-0.5872203123283121	-0.6168379042087555
300	-1.3562282319393084	-1.3754186990192148
301	-0.09474752706354188	-0.13104265120583947
302	0.006220116083705234	-0.03144404755618945
303	1.6313829539585936	1.5716828979701671
304	-0.08977896084678835	-0.12614145472443017
305	1.2099016135925147	1.1559165033478431
306	-1.5606012270773395	-1.5770205618037043
307	0.9368613159896813	0.8865784111268745
308	-0.996059567757307	-1.0201336303307007
309	0.7912816729189758	0.7429727101548197
310	-0.3003703537464593	-0.33387739883133116
311	0.5905812805401108	0.544993652609424
312	-0.6645838835511666	-0.6931524880394333
313	-0.8214645892410206	-0.8479060183708699
314	0.5182428083313161	0.4736360315184992
315	0.3829022484958501	0.34013058010258346
316	-0.3124988288974637	-0.3458414216785105
317	0.6940522720694241	0.647061661263792
318	0.6862349996264259	0.6393503847062513
319	1.510620757010959	1.4525581386439774
320	0.2876572287108612	0.2461770056754396
321	0.5561185395152392	0.5109981984517886
322	0.2936978838432613	0.25213575441476327
323	1.1661137484405215	1.1127223661966226
324	-1.2726859081518211	-1.2930091415063578
325	-1.2892051249572172	-1.309304371105843
326	-0.04854572064069335	-0.08546730387306765
327	-1.246136621448778	-1.2668198416366856
328	-0.6709485944543007	-0.6994308986155956
329	0.4246357208598569	0.3812981803687848
330	0.2550806947827812	0.2140421831734381
331	0.4068603112612748	0.3637637909333746
332	-0.8677104271583975	-0.8935248001667522
333	1.0353624034197473	0.9837439035579432
334	-0.12781949014859273	-0.16366618524654314
335	0.07004130057978228	0.03151177334779959
336	-2.0786905892337897	-2.088085051654849
337	0.6744823287057321	0.6277570704882709
338	1.494562967538739	1.4367180797966022
339	1.9090269334796648	1.8455622499097064
340	-0.6470310651425144	-0.6758376716376275
341	0.2603581089789023	0.21924803990565828
342	0.6466754522701722	0.6003272327847092
343	-2.132772708730265	-2.141433861395876
344	1.4245788907924215	1.3676829304718037
345	-0.5578743650761069	-0.5878898642427893
346	-0.20774850207034046	-0.2425114244772199
347	-1.023785139926468	-1.047483266187892
348	-0.6427979470753832	-0.671661951224351
349	1.7226691978466993	1.6617313742965616
350	-0.42067282946532464	-0.45254867037642316
351	-1.357948193050198	-1.3771153388499224
352	-2.0800221877007457	-2.089398594724656
353	-0.5418555640586529	-0.5720882651982986
354	0.031891953737814185	-0.006120299236731207
355	0.7205718379587328	0.6732216433099022
356	0.5676812576624949	0.5224041355021528
357	0.3757963826099525	0.3331210640051843
358	1.5642178958960902	1.5054285437181099
359	0.530453331150064	0.4856809895334733
360	0.08620780632505877	0.047459074363585305
361	-0.9022127577643676	-0.927559307102818
362	-0.024104470071230046	-0.06135745687367149
363	-1.3285084029180874	-1.3480747284375272
364	-0.6387908963776368	-0.6677092328899548
365	0.7680739433491228	0.7200796586089386
366	-1.1595849268619574	-1.1814417179561454
367	-1.7671068091782038	-1.780726095398355
368	0.2028981051589003	0.16256714721779336
369	-2.072710168399852	-2.082185720485666
370	-0.7378046199630531	-0.7653804105451377
371	0.42577846289341775	0.3824254277455354
372	-0.3168049208137305	-0.350089126474608
373	0.2462986229956521	0.20537918916977055
374	0.3579380266893693	0.3155048529327458
375	-0.5167840943394134	-0.5473567443105714
376	-0.41862128613841904	-0.4505249443160994
377	-1.039441865147002	-1.0629276988901322
378	-0.23699843925773775	-0.2713647561971272
379	0.11465612073383545	0.07552165266075564
380	-1.1630055558340937	-1.1848159659687634
381	1.0552600766257976	1.0033717804244904
382	-0.6663046636004678	-0.6948499357044108
383	-0.5081293365435791	-0.5388193380235502
384	-1.9909157726479068	-2.001500390519313
385	1.0427393007297336	0.9910207761127476
386	0.3476165214272576	0.30532329892568993
387	0.775676841331304	0.7275794674497933
388	0.5966655867518728	0.5509954605548133
389	-0.4133180304137941	-0.4452935964455806
390	-1.5997166668829288	-1.6156056279134192
391	-0.6406482187613982	-0.669541371485882
392	-0.30537564451869725	-0.33881482191298473
393	0.11763615295082662	0.07846127805352072
394	-0.8733197099107912	-0.8990580255863029
395	-0.5638425247398078	-0.5937771004932769
396	0.6739075967664674	0.6271901314487992
397	0.7692091922865549	0.7211995144898776
398	0.4280213576985178	0.3846379107129276
399	-2.620627322727157	-2.6226735617944312
400	0.3069477910869297	0.2652060036433424
401	1.0479244391949314	0.9961356082982493
402	-0.6519202039299427	-0.6806605176613487
403	0.3628034862171355	0.3203043407683952
404	1.6781260462065204	1.6177921917304545
405	-1.0835590867083391	-1.106446726644433
406	0.3322374653550931	0.29015277040296866
407	-0.9277084340508612	-0.9527092826601854
408	0.13324181222965562	0.09385533722688226
409	-0.5961116664819796	-0.6256086987985462
410	0.7958578762481546	0.7474868638717524
411	0.2481680271468232	0.20722324571412276
412	-0.9921503376914412	-1.0162774062596125
413	-2.1894738723466824	-2.1973662031389596
414	0.7394080011148192	0.6918024033433638
415	-1.0022973885251223	-1.026286871299049
416	-0.19506321521217235	-0.22999813983883083
417	0.26515426868235303	0.2239791675665047
418	0.5532008339922952	0.5081200546535592
419	-0.4668035035483288	-0.4980538498662901
420	0.9200372541086792	0.8699824699042057
421	-0.7722087971013301	-0.7993180948950672
422	-1.3732720290300926	-1.392231396020119
423	-1.1789939585413736	-1.2005875788795555
424	-0.6238216279941458	-0.652942935666613
425	0.18331212606736325	0.14324673814591415
426	-0.7573283550379228	-0.7846394195788228
427	0.4949040520469712	0.45061372987429543
428	0.3268507885130295	0.2848391325378259
429	-1.9638295291956855	-1.974781414599261
430	-0.9237920216957886	-0.9488459736859172
431	1.6747542729417302	1.6144661369813447
432	2.024895035668785	1.9598592744400447
433	-0.5178540268805406	-0.5484121694326591
434	-0.7220136591381068	-0.749803562364604
435	-0.2731248219196462	-0.30700129435808665
436	1.9882315575604208	1.9236929234120506
437	0.299012918193948	0.25737872120271044
438	-0.7336551609055143	-0.761287214793014
439	-1.797983749799508	-1.8111843697028285
440	1.8533012426761668	1.7905921543579428
441	-0.459846150218099	-0.4911908326145398
442	1.2640857503776617	1.2093659471057012
443	0.7121371378438951	0.6649013108998821
444	-0.4793996070849053	-0.5104791604367255
445	0.8988292176078495	0.849061997208285
446	-0.5885943796882429	-0.6181933403277317
447	1.2639640071060474	1.2092458545742866
448	-0.8068971525382451	-0.8335361043159764
449	1.1478610273307777	1.09471713720771
450	2.0615591928476813	1.996026295330924
451	-0.3179434292691666	-0.35121219767712564
452	2.10451500709958	2.038399663518627
453	-0.7213144429753215	-0.7491138270069002
454	-0.5695372668949863	-0.5993946265552987
455	-0.01933927536540406	-0.05665687435015129
456	-0.5234374024399144	-0.5539198389397528
457	1.5868665430662814	1.527770093569035
458	-1.085874317062598	-1.1087305643495005
459	-1.081436537895804	-1.1043529578753788
460	0.27171913432081896	0.23045501894183318
461	0.7185400176392959	0.6712173728290336
462	0.018391736171219718	-0.019437464782908916
463	-0.008819644225702201	-0.04627988089200254
464	-1.2209019198961333	-1.2419273022070614
465	-1.1639513905317378	-1.185748975913656
466	1.958771473979095	1.8946322947131815
467	-1.139096798811448	-1.1612313923347972
468	-0.3399763286333286	-0.3729463487637615
469	-0.596035401350443	-0.6255334677604489
470	-2.2575672720637883	-2.264536311484369
471	0.489943564568304	0.4457205025898246
472	0.09887958497291204	0.059959033952055166
473	-1.2118227429150723	-1.2329712315153551
474	0.3514252803396835	0.3090804141508375
475	-1.028146556399895	-1.0517855453849454
476	0.31106312922673945	0.26926554112975715
477	-0.3357604458813453	-0.3687876299687132
478	-0.026957374637795885	-0.06417167836402837
479	0.3790941410430986	0.3363741075038446
480	-0.4948561702361866	-0.5257261451053206
481	0.6478297974098579	0.6014659259388595
482	0.07239694486037992	0.03383547699908371
483	-0.9868333994233408	-1.0110325613698303
484	-1.0418718697101956	-1.0653247545587823
485	1.922413587475016	1.8587673917147258
486	0.5932604935831807	0.5476365376927227
487	-1.289261193811731	-1.3093596797120832
488	0.31252194240890185	0.27070457398622566
489	-0.028974261603864074	-0.06616121797570987
490	1.3333416393854671	1.2776827823281804
491	-1.5391224856500472	-1.555833054720961
492	0.5885364206474942	0.5429765193614312
493	-0.12776205788585945	-0.16360953171879533
494	0.7204224820381824	0.6730743125347157
495	0.2341997118617186	0.19344432947552564
496	-1.7123465710858865	-1.7267083618006396
497	-0.1726719191898823	-0.20791045166259298
498	1.3998724308148656	1.3433114700891748
499	-1.4833166084459108	-1.5007838600312327
500	1.8887412622690982	1.8255516359774606
501	0.05664593207896284	0.018298035198950888
502	-0.7663633297352967	-0.7935518873340226
503	-0.6032113570546543	-0.6326121233149703
504	-0.6531381615693331	-0.6818619607812084
505	2.050345486745781	1.9849646380051407
506	-0.003115250121683189	-0.04065283375375228
507	-1.4594093783755808	-1.4772007926453448
508	0.1272250895206413	0.08792019640665895
509	-0.7605075442811768	-0.7877755015898122
510	0.8300346768171067	0.781200254694553
511	-0.21806867812568226	-0.25269166730047354
512	0.2965531210789157	0.2549522769451044
513	-0.9342859194660632	-0.9591975826982944
514	0.6962170666345352	0.6491971029672196
515	-0.19458318166430336	-0.22952461515723543
516	1.64294864436191	1.583091766975206
517	1.1047229203054671	1.052163947989019
518	1.6716483759408718	1.6114023534292814
519	-1.1162171580612943	-1.1386619809898413
520	0.41299252707870665	0.3698128588689686
521	-0.3375090455172517	-0.3705125200092243
522	0.3882504142848946	0.3454062290934075
523	1.1239779589574683	1.0711579039057928
524	-0.6859961041262886	-0.7142743762389065
525	-0.2564916831430481	-0.2905936874770976
526	-0.7484758552646209	-0.7759069525354564
527	0.7021828367151753	0.6550819820354582
528	0.4457809586531427	0.40215670585679403
529	0.15194780412536546	0.11230769101687134
530	0.5840615847584228	0.5385623586241851
531	0.47036689279907395	0.42640927464049716
532	-1.8703906406683104	-1.882609481752123
533	1.1022814817553408	1.049755613369042
534	-0.09523759870062422	-0.13152607786828532
535	1.6676927611644616	1.6075003735867706
536	0.13680055316545794	0.09736582451675442
537	-1.5771113595786737	-1.593306830274936
538	0.7224405845143888	0.6750650511752021
539	1.1314477300113164	1.078526390911683
540	0.2264483321896696	0.18579805223630685
541	-0.29984269651354806	-0.3333568962033065
542	-2.0198849590534027	-2.0300767782106255
543	0.3928488137344928	0.34994227796933686
544	1.4265108495742738	1.3695886934566894
545	1.0047641159572156	0.9535605041010068
546	1.2739879843066393	1.219133914759458
547	0.2012242189734401	0.16091595757382848
548	-0.04706640989232101	-0.08400805138079215
549	-0.18551919430301425	-0.2205835281263544
550	2.959408950520656	2.88170193718969
551	-0.6277433339374721	-0.6568114664523639
552	-1.4240801597592432	-1.442350609630883
553	-2.281792314960537	-2.288432882412051
554	1.1458216674559998	1.0927054294017668
555	-1.260440366563886	-1.2809296395483554
556	0.6085303982822791	0.5626993948466277
557	1.6177752509284231	1.5582597043762791
558	-0.11176766327912868	-0.14783200815385794
559	-0.07744096055993932	-0.11397074773261655
560	3.700396428947178	3.6126422253127664
561	1.189356316736644	1.1356497840838504
562	0.8292595672662882	0.7804356550017143
563	-1.8566479984689188	-1.8690531786549018
564	-0.5006570877142374	-0.5314484068387961
565	-0.4738731866154592	-0.5050276737546509
566	-0.9476423158194932	-0.9723728771305203
567	0.7514272409960352	0.7036586720625762
568	1.5186921589496731	1.4605200989070155
569	-1.9168552961219951	-1.9284441140956756
570	-0.13790704925493374	-0.17361696521829756
571	0.4857372050946592	0.44157117794517065
572	0.7829170130945875	0.7347214683456152
573	-1.3400369457441157	-1.3594469535563514
574	0.4111767729982608	0.3680217249438177
575	-1.5361769068065447	-1.5529274155418336
576	1.1900189044734026	1.13630338766733
577	-0.43515836264903596	-0.4668377914576619
578	1.0047871815276477	0.9535832569209778
579	-0.6028851040072183	-0.6322902939947228
580	-0.5429855883475463	-0.5732029672727031
581	1.6291119733034929	1.569442709974162
582	-1.2124732247350059	-1.233612893328441
583	0.05003364217686021	0.01177540259460591
584	0.44088258956691617	0.39732475468965345
585	-0.6782126793411518	-0.7065964883923896
586	1.0155372122516944	0.9641875259316393
587	1.1366634981890813	1.083671437495647
588	0.4674495637764928	0.4235315022375905
589	0.4878529020532569	0.44365818776587956
590	1.6048038932170927	1.5454642277738935
591	-1.0249308746080863	-1.0486134656348152
592	0.7839218215044549	0.7357126523669384
593	0.9077925610554892	0.8579038049755043
594	0.4551576606262388	0.4114062673425199
595	-1.1344104759583888	-1.156608612225575
596	0.6343582681450926	0.5881770597043642
597	-0.0971410969191916	-0.13340376619208252
598	-0.9631873993580408	-0.9877071819215965
599	1.863310917143134	1.8004661057429778
600	0.5289497823664431	0.48419782765408403
601	-1.9144720434058144	-1.9260931763568432
602	1.4073234835611754	1.3506614925926228
603	-0.5392119662786734	-0.5694805124639569
604	-0.7106710399986259	-0.7386147399576615
605	-0.2940332476891754	-0.32762621880165815
606	0.3471813749062941	0.3048940526392558
607	0.3878974154073313	0.34505801659483587
608	-1.5193026268666343	-1.5362819371764784
609	-0.928108410750989	-0.953103836000081
610	1.6932381846857023	1.6326994218466573
611	-1.043539429681208	-1.0669697037666455
612	1.3510305631521595	1.2951318586095626
613	-1.958531639344522	-1.9695553598453037
614	0.047099829849029225	0.008881370386723653
615	0.212572184905615	0.1721100542752848
616	-0.5343675823078687	-0.5647018144177794
617	-0.586969487961552	-0.616590480817341
618	0.335838066318484	0.29370455013234525
619	0.1143083063165763	0.07517855432540371
620	-0.5030752195310859	-0.5338337507459294
621	-2.2682452676381413	-2.2750695220836468
622	1.1271787534601592	1.0743152982263928
623	-0.9599961802272166	-0.9845592331385729
624	-1.0530033447340037	-1.0763052957933181
625	0.8148145412513252	0.7661864918448102
626	-2.4286073324317767	-2.4332572071079284
627	0.25980423552115905	0.21870167652358563
628	0.38033505868095263	0.3375981993031772
629	1.220891507971542	1.1667573836565175
630	-0.2165364483085301	-0.2511802132791476
631	0.9904870083106128	0.9394769824753348
632	0.8517170995867703	0.8025886813655656
633	-0.728316407887795	-0.7560208509439564
634	0.9926621482502682	0.9416226292784036
635	2.2356114888620526	2.16771858312421
636	0.670726349765878	0.6240520195819979
637	-0.7160257975174191	-0.7438968912997156
638	-1.3635881443063425	-1.3826788169331425
639	-0.04381816897592824	-0.08080385398144738
640	0.2924342618216081	0.25088926608469436
641	0.8124140427816149	0.7638185421909038
642	1.3440712910307917	1.2882669485839284
643	0.25622177642276045	0.21516779267019975
644	-0.13745974454628473	-0.17317572559935962
645	0.09943489990413287	0.06050681926239204
646	0.2256501504521405	0.18501069319693014
647	1.02769876296831	0.9761841758665384
648	0.05863243396230455	0.0202576017250279
649	0.2294187668050444	0.18872821016316327
650	0.123928421056245	0.08466822809765462
651	-0.35490021476070666	-0.38766787907764166
652	-1.2044503066795262	-1.2256987595464333
653	0.055654263744185264	0.01731981308393747
654	-1.0314914785485505	-1.0550851130973167
655	0.9799140185787348	0.9290473539243208
656	1.1081898108917176	1.0555838303457172
657	-1.0142792100783795	-1.0381062290525358
658	0.28598427306965996	0.24452673395830687
659	0.24939180259266155	0.2084304277556851
660	-1.4652406479540467	-1.482952994929327
661	-0.4378927920847625	-0.46953514424403614
662	1.326023297341772	1.2704636710776627
663	-1.2443095939747366	-1.2650175871760294
664	-1.6427922596537858	-1.6580971505203355
665	0.3763473631215804	0.33366457366714874
666	-1.9726885871585569	-1.983520350908456
667	-0.6572495414021321	-0.6859175936320508
668	0.1731375979533965	0.13321016839586725
669	0.14898639468099084	0.10938643588700313
670	-1.8834238307500453	-1.89546595232803
671	0.9606248032998536	0.9100196847880581
672	-0.9725879129444176	-0.9969802321544049
673	0.12734970364922488	0.08804312086854664
674	1.7887217443206047	1.726888301716472
675	-1.4849947131511598	-1.5024392109952733
676	-0.3730207803416834	-0.40554274445976385
677	-1.9960338956799664	-2.006549115946694
678	-0.04504967494306368	-0.08201866172469663
679	-1.9182885319922167	-1.929857916447846
680	-0.7956515742679661	-0.8224430069826136
681	0.8797879528914013	0.8302789166255697
682	-0.9266548198246016	-0.9516699545898271
683	2.2280502333831604	2.160259852148014
684	0.6218623211918523	0.5758505476750818
685	0.4913049179458362	0.4470633971177102
686	-0.5563021741143708	-0.5863389909176473
687	0.1765785193255605	0.13660443365999725
688	0.8179665410806093	0.7692957531082707
689	0.19533795808612986	0.15510950961862896
690	-0.2030802116919564	-0.23790643233691533
691	1.989379567821815	1.9248253675837301
692	0.08496405782088995	0.046232190082193286
693	0.7656634017307737	0.7177018019833581
694	-0.01575791210292284	-0.05312407147403494
695	-1.0702717021182735	-1.0933395082319322
696	-1.1487866124768888	-1.170789819971815
697	-0.06319760123875683	-0.09992051683239489
698	0.5864042117566381	0.5408732214968972
699	1.6436132524921006	1.5837473635572186
700	0.6638054116805627	0.6172249238139228
701	-1.4521562781634398	-1.4700460385999652
702	1.177994669731138	1.1244421918133412
703	0.25523479555359346	0.21419419446255822
704	0.9888968009539711	0.9379083370430162
705	0.8597089352700493	0.8104721542271756
706	-0.6198455846556139	-0.649020804256744
707	-0.8337620088372698	-0.860036694913394
708	0.142341825885186	0.10283196206462154
709	0.5863044154938813	0.5407747783906682
710	0.3860202045594406	0.3432062592062512
711	0.4263019673939308	0.3829418339488511
712	-0.5589498828526618	-0.5889507988690341
713	1.750377647619442	1.6890641199231675
714	-2.037524260461684	-2.0474769049726023
715	-1.4936927782592684	-1.5110193373824758
716	-1.8070065381591167	-1.820084816357137
717	1.1239976204304314	1.0711772987851005
718	-0.6895996570906168	-0.7178290679424776
719	1.383020018961955	1.3266875632972646
720	-0.7057361813102719	-0.7337467939578564
721	0.7246576582394498	0.6772520631754959
722	-0.11595036535105435	-0.15195799617200703
723	0.23761164006225954	0.19680999469196692
724	0.662497812696662	0.6159350548136107
725	-0.1974146791582499	-0.2323177198375465
726	-1.5809453763125745	-1.597088860845948
727	0.3347655095601073	0.29264653637526944
728	-0.9967654933451688	-1.020829984139109
729	0.13972470767194212	0.10025032985552836
730	0.6155646729809127	0.5696382904753018
731	0.4886269055919194	0.4444216964431917
732	-1.829443494740872	-1.8422175459726207
733	-1.5895765892001688	-1.6056030414746227
734	-0.4136513891205834	-0.44562243507819327
735	-0.6305472839171333	-0.659577397140381
736	-0.21712769925752934	-0.2517634473439556
737	0.2490867067258341	0.208129468741806
738	-0.4871609764399814	-0.5181352919069572
739	-0.4686602030382948	-0.4998853740143575
740	0.5695776770120897	0.5242748409407098
741	0.5550603158231461	0.5099543234162216
742	0.88373110791748	0.834168605661876
743	0.9493955629674375	0.8989427038633482
744	-1.8648057976546637	-1.8771003646882483
745	-0.4060696717812766	-0.43814351968784343
746	-0.61331191234984	-0.6425757232577703
747	-0.3545588501079775	-0.3873311430532344
748	0.8229569031038794	0.774218449862706
749	-1.6819431018858129	-1.6967171390282476
750	0.9733013883295778	0.922524385587752
751	1.1502953465359738	1.0971184490153103
752	-0.03150103560812115	-0.06865373097014735
753	-0.14129394150417401	-0.17695793395066867
754	1.4688997269604709	1.4114028119835966
755	-1.016470873839417	-1.0402681756273462
756	1.7478412046618568	1.686562069078581
757	-0.07596463469698557	-0.11251443965312992
758	-0.33735632988523795	-0.370361875077542
759	0.29859591844327993	0.25696737563105815
760	-0.21529509234605235	-0.24995568909851829
761	0.63574507029339	0.5895450579382867
762	-1.0705854991525032	-1.093649050432428
763	0.5838735769588695	0.5383769000581825
764	-1.1941052878312646	-1.215494010778419
765	2.016119292962737	1.9512025237002426
766	-1.47717710734314	-1.4947276055928704
767	0.4820964004908349	0.4379797397041761
768	1.8099561633950445	1.747834799259664
769	1.5185490736370388	1.4603789537153786
770	-0.35739571222546346	-0.390129539617133
771	-0.2713354881969209	-0.30523622255199556
772	-0.3880429470213563	-0.42036122272121773
773	0.1373232873311857	0.0978814708304009
774	0.29734824090165984	0.25573661558678173
775	-0.6303185988174257	-0.6593518128254817
776	0.429716567507049	0.38631013484889826
777	0.35335900433411604	0.3109879184134499
778	1.7194765552886366	1.6585820213868203
779	-0.7363442556838301	-0.763939847623229
780	-0.24623191401835476	-0.2804730325154183
781	-1.0145493221876782	-1.0383726786603154
782	-0.7067051730343846	-0.7347026469386865
783	-1.0394661870968729	-1.0629516910540537
784	-0.7290527106977528	-0.7567471700839226
785	0.04928502001618944	0.011036931144348769
786	-1.2928233252836594	-1.3128735115651564
787	1.1995920475309865	1.1457467266554768
788	-1.215630416509576	-1.2367272761386128
789	0.6821991190955118	0.6353692274478845
790	1.0938856654782192	1.0414736375633789
791	-0.2385980103620381	-0.2729426384122672
792	-0.1579211943267219	-0.19335973468637913
793	1.446207945180619	1.389018712393396
794	-0.18734847012310904	-0.22238800044731183
795	-0.2819851597195045	-0.315741493150715
796	-0.5755120067882991	-0.6052883538128121
797	0.5010068802841025	0.45663380870138554
798	-0.5920339307922998	-0.6215862539034807
799	0.3260342388835816	0.2840336546602741
800	-0.3159063485595383	-0.34920273813269787
801	0.3080642323635624	0.2663073068801356
802	0.6492773828582575	0.602893883300545
803	0.2756029242223173	0.2342861477965864
804	-2.0632508460514387	-2.0728546588900225
805	-0.4861576335690952	-0.5171455535530931
806	-0.4718006960769371	-0.5029832845099412
807	-0.2635898748910389	-0.297595633491687
808	2.8725997088992052	2.7960697586037995
809	-0.8717144114789452	-0.897474493701542
810	1.2334710444531565	1.1791663518078435
811	-0.7910091434830699	-0.8178635238006453
812	0.5449556079333232	0.49998662718460574
813	0.6317441774290871	0.5855984139420979
814	-0.7484755843008457	-0.7759066852457306
815	-0.41603843793180095	-0.4479771174400872
816	0.7905425734340775	0.7422436322605611
817	0.05450503647865658	0.016186168409714097
818	-1.5380180216185686	-1.5547435663275742
819	-0.25033179216380425	-0.2845173196324799
820	1.3999654960218648	1.343403273407313
821	-0.16469907529163927	-0.20004571307278973
822	-0.07701709769168287	-0.11355263210169396
823	-2.556726532228097	-2.559639214280411
824	0.17852721478470235	0.13852670638637843
825	0.2336941630920644	0.19294563553789534
826	0.17539070951253674	0.13543272958638636
827	-0.760226649621225	-0.7874984156340368
828	-1.6391120729804267	-1.6544668641987852
829	0.6737834758838841	0.6270676935448954
830	2.0420052853818107	1.9767375230194328
831	-0.3943834245486621	-0.42661572850650864
832	0.40866814351983183	0.3655471104501279
833	-0.7644953098836529	-0.7917091963192168
834	-0.38946559914616397	-0.4217645848349933
835	-0.15259541513645458	-0.188106168750177
836	-0.3943115151373284	-0.42654479412857477
837	1.0769814979839214	1.024798676894677
838	1.0376261232962087	0.9859769292255891
839	-0.8652266072804664	-0.8910746588754633
840	1.4377914168302723	1.3807163053534524
841	-1.6919902665816606	-1.7066280723050116
842	0.12194438402837054	0.08271109300560027
843	1.6191237013660769	1.5595898709177047
844	-1.4691816460634772	-1.4868405562950286
845	-1.85622529755164	-1.8686362092198423
846	-0.23537339775063584	-0.26976174893722676
847	0.4321467176039973	0.3887073340779833
848	0.29629325659833805	0.2546959360164969
849	0.5310244166797098	0.48624433160568836
850	-0.11311792169500515	-0.14916395815878536
851	0.9023680496446272	0.8525528455476852
852	0.7354688738892065	0.6879166874938101
853	0.3733909421426009	0.33074823936312353
854	0.20666145070509967	0.16627946484519363
855	1.6790834795361005	1.6187366430392243
856	-0.0363769926028728	-0.0734635739356286
857	-0.6583087090943419	-0.6869623998678572
858	-1.4793984228556292	-1.4969188018653892
859	1.3906058077706058	1.3341704949511304
860	1.0831259087169514	1.0308597743926868
861	-0.2423304866593254	-0.2766245053527789
862	-0.18997612908706094	-0.2249800304830672
863	-0.6104643817314933	-0.6397668028492456
864	0.09992031880757596	0.060985656278499945
865	-0.8260039618975794	-0.8523838408092852
866	-0.3490324565207251	-0.3818796828888528
867	0.31095773554175304	0.26916157649781236
868	-0.9821319839549292	-1.0063948932889009
869	1.4819599506236032	1.4242859495874236
870	-0.0674315269580159	-0.10409703394669025
871	-0.1757881620928976	-0.21098444083475598
872	-1.994586543476386	-2.005121388667217
873	-2.212242717140945	-2.219826320831486
874	0.27365435224684825	0.2323639968795394
875	-1.9119931801187628	-1.9236479244490745
876	1.26220319917347	1.2075089217717234
877	-0.1025239425467527	-0.13871362479088975
878	-1.1775376151524175	-1.199150982327897
879	-0.3629841135163076	-0.3956421667108471
880	-1.811019173528643	-1.824043043639685
881	-0.06944557956296604	-0.10608377762889577
882	1.904929505145336	1.8415203793863102
883	-0.16943685686341148	-0.2047192541621602
884	0.3844154913533193	0.34162330461202794
885	-0.1890716664357128	-0.2240878316130177
886	-0.8066985141854794	-0.8333401593384564
887	0.4873440669733974	0.4431562520777497
888	0.8017994682065006	0.7533478926534606
889	0.463801944608953	0.4199333418328473
890	-0.24582544635782255	-0.2800720762272864
891	-1.4903991918193469	-1.5077704093081896
892	1.1520621333826984	1.0988612796627855
893	-1.1353544648632252	-1.157539801405116
894	-0.3038800285737661	-0.33733948530941504
895	-0.34903539298253017	-0.38188257953461313
896	-0.8555327209832657	-0.881512213828275
897	0.6959151034239478	0.6488992341332981
898	-1.6635839698105397	-1.678606941920348
899	0.991335792015121	0.940314257359986
900	-0.945517002518677	-0.970276381357408
901	-0.2963224622197717	-0.32988439343656945
902	-0.5908333778795607	-0.6204019795162697
903	0.2615148499546613	0.2203890964102843
904	2.1056265311948557	2.039496116247061
905	-1.1626716355340758	-1.1844865733576717
906	1.1546324138974384	1.1013967092546466
907	-1.412834377074607	-1.4312573106548563
908	-0.7374315500095434	-0.7650123991181599
909	0.3149837408202601	0.27313299240419975
910	-0.27316319869272515	-0.3070391507731925
911	0.00326118422672243	-0.03436285869274502
912	-2.02070010637646	-2.030880872795926
913	0.3156556804968549	0.2737958211227828
914	0.761093134118788	0.7131935035000988
915	-0.376292948586232	-0.40877054475206626
916	0.9904588938430728	0.9394492492172133
917	-0.4198706935179984	-0.4517574107431328
918	-0.09567417282347256	-0.13195673239947858
919	-0.4931506219597664	-0.5240437226827154
920	1.300623722521162	1.2454084939281054
921	-0.20522575840026114	-0.2400228871688917
922	-0.0294448252304563	-0.06662540114049417
923	-2.128605271364437	-2.1373229311067683
924	-0.6872418180886369	-0.7155031993284564
925	0.6624445978546526	0.6158825615217761
926	-2.169706854720637	-2.177867210268531
927	-0.6914433259689116	-0.7196477381634184
928	-0.06323374579649993	-0.09995617129919768
929	-0.6627614165472115	-0.6913547322125813
930	-1.0117991648722695	-1.035659811251574
931	-1.8398093873093992	-1.8524428854301531
932	0.7631790407064116	0.7152511268831457
933	-0.4999681022271754	-0.5307687634371355
934	-1.6739656576162811	-1.6888478624444658
935	-0.056728909150632285	-0.09353953497192737
936	-0.14172122113035818	-0.17737942001104767
937	0.4134104533070585	0.37022511835601735
938	-0.9724762527323432	-0.996870085964406
939	-0.4807105742130511	-0.5117723519119736
940	0.044869631935990015	0.00668141215181535
941	1.170852650246489	1.1173970123307198
942	0.38814617419599773	0.34530340241572327
943	0.14465312471728786	0.10511192155578934
944	-0.5338101436958621	-0.564151934222049
945	-1.7975984330103816	-1.8108042774974098
946	0.35284039318101434	0.3104763392077163
947	0.7528471132587693	0.7050592920069573
948	0.6806269535179037	0.6338183791626824
949	0.11679019195847955	0.07762678760733922
950	2.10729564530358	2.0411425985197873
951	-2.011594557699389	-2.021898787987057
952	1.667902450045211	1.6077072192560615
953	-0.5647433610020584	-0.5946657221451291
954	0.3933563557734969	0.35044293814919847
955	-0.18019318871324636	-0.21532973886044565
956	0.4379466112800821	0.39442858589141866
957	-0.6425763659145299	-0.6714433745246466
958	-0.3697204767884934	-0.40228719035082683
959	-0.4822268289416478	-0.5132680474540114
960	0.7248568222914945	0.6774485267242382
961	0.8665912471238126	0.8172611475041266
962	-0.20304653437738976	-0.23787321165946906
963	0.4344500833046724	0.3909794680045638
964	0.7919233758122878	0.7436057120764215
965	-0.5421365656457741	-0.5723654566313976
966	1.1602217819929366	1.1069102900439265
967	0.3387040008580909	0.29653162491985785
968	0.04397373756246216	0.005797665380675776
969	-1.5911471492931093	-1.6071523060442297
970	-0.321873693404272	-0.35508917061250383
971	0.9899867542410268	0.9389835114459264
972	-0.485429343407781	-0.516427138416742
973	0.7374499084372382	0.6898708608172176
974	-0.9718405025726092	-0.9962429560621343
975	-0.8092214364477882	-0.835828872817448
976	0.6549027405920959	0.6084429657378064
977	0.6396923552031146	0.5934388208603604
978	1.9477701562170489	1.8837801459133137
979	-0.5497589841331134	-0.5798845212951643
980	1.406219530503354	1.3495725082445043
981	1.4327442389684444	1.3757375631372317
982	1.8757421371690148	1.812728768489633
983	-0.43782985898437626	-0.46947306446554044
984	0.02970196744885968	-0.008280591084622032
985	0.2483007081245849	0.20735412764524463
986	0.4731314529287097	0.429136349572965
987	-0.15437915282511064	-0.18986572039989025
988	-0.4678309897497983	-0.4990674041867213
989	0.09449419909881418	0.05563311035999839
990	1.2398612854758295	1.185469946335793
991	0.6631877698390688	0.6166156566957562
992	-0.8808601390477094	-0.9064962126088616
993	-1.2949102874637703	-1.3149321762277113
994	-1.6503894732978532	-1.6655913520980992
995	0.5935881147911207	0.5479597166223255
996	-0.9156999173059032	-0.9408635916801849
997	1.4434917649318784	1.3863393613498067
998	2.1216475222976343	2.0552998756810927
999	2.3485983560563453	2.2791734398736008
1000	0.28309780861809763	0.24167940762782397
1001	-0.8212711664976208	-0.8477152182832753
1002	-0.5878708890442159	-0.6174796596310991
1003	-0.6748078923827407	-0.7032378675886165
1004	0.7221256839825116	0.6747544204395935
1005	1.74746476825901	1.6861907368485938
1006	1.210764502932532	1.1567676926070056
1007	0.6289013224052489	0.5827941057308054
1008	0.9794779312352409	0.928617179572148
1009	0.4972835930263329	0.4529610062044552
1010	-0.3986161702554536	-0.43079108160835017
1011	-1.1891276098310384	-1.210583826061944
1012	0.6388416355134955	0.5925996362409891
1013	-0.5663516826463311	-0.5962522362500039
1014	0.19121051824487764	0.15103803452004572
1015	-1.101843881100548	-1.1244835940280669
1016	-0.1129542882180992	-0.1490025434193485
1017	1.5881611452455604	1.5290471419908738
1018	-0.8037660945765764	-0.830447500965361
1019	-1.5646984288142969	-1.5810622088022062
1020	-1.2300396967870113	-1.2509411782412503
1021	0.5907960653091833	0.5452055250709178
1022	0.6414206555940479	0.5951436868972259
1023	-0.15297128330495954	-0.1884769404506202
1024	-0.9930127705333796	-1.0171281452104406
1025	0.5750702726263153	0.5296929614052159
1026	-0.20509315950142745	-0.23989208620377406
1027	1.4875431319925396	1.4297934275371451
1028	0.3582063515049089	0.3157695394810227
1029	1.272035288732106	1.2172076961560117
1030	-0.4508466949717069	-0.482313402695323
1031	-0.8071687215726485	-0.8338039910941357
1032	0.9928347007252633	0.9417928420815362
1033	0.4325543373183505	0.3891094267990191
1034	-0.8912281708899419	-0.9167236623332797
1035	0.483528787408307	0.4393927046147088
1036	-1.709374776317902	-1.7237768621637417
1037	-0.437694790821012	-0.4693398277171201
1038	-1.3758479740640783	-1.3947724133249308
1039	0.06351614665329976	0.02507509522579067
1040	0.4936942634079057	0.4494203449897299
1041	-0.5353170609713404	-0.565638418919273
1042	1.6989725234951536	1.6383560076643775
1043	-0.402287250922616	-0.4344123853937755
1044	0.584454546801531	0.5389499924201311
1045	0.14181051738349576	0.10230785767606644
1046	-1.057438157534011	-1.080679976122185
1047	-0.9812566150753256	-1.0055313937026054
1048	-1.3111767050749261	-1.3309780343853637
1049	-0.7959146932233903	-0.8227025582580236
1050	0.8613576138837739	0.8120984780936694
1051	-0.16909227911150604	-0.2043793486056002
1052	0.7297032163932442	0.6822292076456125
1053	0.479772176243485	0.4356870300559265
1054	0.6042356299266222	0.5584628600728258
1055	-0.18267639229750904	-0.2177792722145092
1056	-0.4811105944455746	-0.5121669481940008
1057	0.8967490724098993	0.847010057095132
1058	0.42096018801540136	0.37767248477398596
1059	-0.12882441061771854	-0.16465747980769196
1060	2.6879304907432884	2.6139045055377395
1061	1.2085392366013683	1.1545725990857152
1062	0.5128464052062129	0.46831279925084046
1063	-0.12447371339558902	-0.16036577451756678
1064	-0.2881143753916212	-0.3217876016205354
1065	-1.0223055686394469	-1.0460237566896609
1066	-1.2798377292061331	-1.3000639896572932
1067	-0.14901377221550174	-0.18457309000753153
1068	0.1116187888840608	0.07252550457183779
1069	0.4849319794697228	0.44077687052779707
1070	-1.266203633046152	-1.2866147608030667
1071	0.1688678656496795	0.12899833020541018
1072	-1.244123328955937	-1.2648338477600845
1073	-0.20564989942254108	-0.2404412771822944
1074	0.11705238689772847	0.07788542739548515
1075	-0.048313298615611976	-0.08523803330247734
1076	-0.0596555764283772	-0.09642651901081808
1077	-0.8363715186439536	-0.8626108218797603
1078	1.0103345311275445	0.9590553889514384
1079	-0.11022169417440007	-0.1463070011385717
1080	-0.5878435529783496	-0.6174526942201546
1081	-0.1366811816985693	-0.1724077194335341
1082	0.22993781613551945	0.1892402216049398
1083	-0.5418743340074148	-0.5721067806417516
1084	-0.2497612342797104	-0.2839544980513703
1085	0.15113037165299167	0.111501342267029
1086	0.1361322297175994	0.09670656299377368
1087	0.09103451157733453	0.05222033340034439
1088	-1.5566274072889656	-1.5731006237944534
1089	1.0565684083915579	1.0046623722707333
1090	0.4780171105634766	0.4339557616456366
1091	0.06070063328468904	0.022297757939016574
1092	0.5244816799534334	0.4797903090924158
1093	-0.1827777476572032	-0.21787925327758328
1094	-1.2935366319217845	-1.3135771463427621
1095	-0.7483795856850562	-0.7758119882934507
1096	-0.6814679520235017	-0.7098076222126382
1097	-0.8497341950138435	-0.8757923111765072
1098	0.1990378736810512	0.15875925735353758
1099	-0.8870153096872581	-0.9125679241177687
1100	-0.6716540785300615	-0.7001268168984496
1101	0.6690988862361059	0.6224466231400938
1102	-0.7082190090498184	-0.7361959565633537
1103	-0.011673357537970656	-0.049094900162125074
1104	-0.16754124766868614	-0.20284934789342873
1105	-1.599726963932653	-1.6156157853434856
1106	-0.2414100744170262	-0.2757165731553188
1107	-2.2725482709661224	-2.2793141801702155
1108	-0.3668712150717603	-0.3994765623162082
1109	2.6697152024305875	2.5959362017874477
1110	-0.1306581790968892	-0.1664663838709054
1111	-1.8348834951009525	-1.8475837843320468
1112	-0.2662477116397809	-0.3002174321259027
1113	2.089648874862084	2.0237351039986393
1114	-0.618479381180568	-0.6476731253947404
1115	-1.4667949938417195	-1.4844862651451625
1116	0.982261903719138	0.9313634036430697
1117	-1.6232854458352473	-1.6388548333044453
1118	0.2356489126740144	0.19487388029808078
1119	-1.100552311194593	-1.1232095367643806
1120	1.3154480784867055	1.2600318436285658
1121	-0.8143126435733675	-0.8408510472962496
1122	0.4751641813755943	0.43114151586780836
1123	-0.6329448012184495	-0.6619424060481232
1124	-0.5272711802070563	-0.5577016337842017
1125	0.3187118538118797	0.27681055520193604
1126	1.4915223463278608	1.4337186869476544
1127	-0.0759330090236968	-0.11248324279836679
1128	-0.6414637540322301	-0.6703458487586994
1129	0.2822634808958494	0.2408563927140171
1130	1.1046573759407745	1.052099292352847
1131	-2.2381643092729355	-2.245396437160307
1132	0.3684963804834316	0.3259200439974118
1133	-0.2921806425837454	-0.32579873352158734
1134	0.7089090537759442	0.6617169970384333
1135	-0.2948522954445076	-0.32843416093252975
1136	1.5867474040178358	1.5276525699496313
1137	0.1379160442317949	0.09846619042733427
1138	0.6289470011541034	0.582839165112807
1139	-0.6140685855306692	-0.6433221365628707
1140	-0.8045090740086851	-0.8311804061978869
1141	0.3683047662515593	0.3257310278993927
1142	0.740677414538285	0.6930546045485255
1143	0.4231423709335024	0.37982507905841445
1144	-0.8694736759787678	-0.8952641407606458
1145	-1.2373475674585444	-1.258149960102935
1146	-1.7670161517837133	-1.7806366672447373
1147	0.7456570318573341	0.6979667022882302
1148	1.0875970200957759	1.0352702611210296
1149	0.7563406398236351	0.7085054491799652
1150	0.6698241829783934	0.6231620854457567
1151	0.12224974536505732	0.08301231388978234
1152	-1.1402931306265105	-1.1624115028589985
1153	1.224985742468971	1.1707961036488568
1154	-0.7139828096050169	-0.741881604649401
1155	0.15014003219686656	0.11052443101214936
1156	-0.11418839374485493	-0.15021991547429414
1157	-1.4413918471987337	-1.459427564604249
1158	0.9919189164104549	0.940889475060617
1159	-0.7659268187672434	-0.7931212951012965
1160	-0.6332415717442773	-0.6622351526058863
1161	0.2845472373191775	0.2431091832491758
1162	-0.2833004879232984	-0.3170389865689562
1163	-0.5534327979361111	-0.5835085211573158
1164	0.021885241048353613	-0.01599132900356479
1165	-1.5042555751450142	-1.5214389112940991
1166	-0.1990593994004161	-0.2339401390047957
1167	-0.9612286105140596	-0.9857749526685028
1168	0.5072856598356725	0.46282745308554096
1169	-0.9779936662138706	-1.002312687786026
1170	-2.014506129279069	-2.0247708810133274
1171	0.2543875743021134	0.21335846084533727
1172	1.1826056970263503	1.1289906973115214
1173	0.8980741146274825	0.8483171328129999
1174	2.1454821281747525	2.0788113035990317
1175	1.976412583287276	1.9120342048613992
1176	0.9132679829158662	0.8633049845483602
1177	0.8527978409541495	0.8036547687549721
1178	-0.6986768600563291	-0.7267831913848852
1179	-0.17436775040167102	-0.20958328877609606
1180	0.11562321076147496	0.07647562973057717
1181	-0.0774901813581997	-0.11401930113670171
1182	0.5989484252840277	0.55324734564466
1183	1.2931900244592058	1.238075590793542
1184	1.1583990718992272	1.1051122944234202
1185	-0.2865021060922293	-0.3201971933875488
1186	-0.8920631534215433	-0.9175473231777551
1187	-1.3654151510305044	-1.3844810509252707
1188	0.2257007796480189	0.18506063590190186
1189	-0.4521858870050116	-0.483634436368867
1190	0.0563309865499455	0.017987360076326883
1191	-0.21500160599714133	-0.24966618218689174
1192	-1.237143171782855	-1.2579483358671288
1193	-0.3002669530024589	-0.33377540011770607
1194	0.3751442626748312	0.33247778628842645
1195	-1.49665531940649	-1.5139417088702167
1196	0.032135535829952336	-0.005880019920558206
1197	0.11678266815348187	0.07761936581904605
1198	-0.4046774146008909	-0.43677014038765133
1199	-0.5890913022626665	-0.6186835250343549
1200	1.066604697164134	1.0145625770929405
1201	0.3307827128398158	0.28871774315402987
1202	-0.5877599748054229	-0.6173702492995877
1203	-0.8609124237551278	-0.8868189721859621
1204	2.2528560589489066	2.184729330801903
1205	0.9894950666518446	0.9384984907423829
1206	-0.27433720721625565	-0.30819724069162213
1207	0.6676573387747357	0.6210246218952219
1208	-0.7830593915932875	-0.8100215641103632
1209	0.8846223804995846	0.8350477933093423
1210	-1.2516229641933847	-1.2722317940154226
1211	1.1247745722238571	1.0719437157412282
1212	-0.5124164727932508	-0.543048344176545
1213	-1.7835143956107269	-1.7969112082424472
1214	-0.1144587694037426	-0.15048662505814364
1215	0.01875363955497309	-0.01908046851604199
1216	-1.8445885235043296	-1.8571572204074724
1217	-0.03410530722975722	-0.07122269077701429
1218	-1.432569379404124	-1.4507247223302577
1219	0.5996594018284838	0.5539486819227805
1220	-0.204786507770869	-0.23958959242241645
1221	0.3803521985169889	0.33761510673691325
1222	0.745220988789182	0.6975365716110614
1223	0.4482941343237229	0.40463580489995005
1224	-1.1686360829049551	-1.190370147651023
1225	-1.310398594740407	-1.330210474597022
1226	0.7451479799835581	0.6974645527457338
1227	-1.304734248597646	-1.324622932402098
1228	0.6568061792930339	0.610320595350985
1229	-1.04203132664831	-1.0654820493899124
1230	-1.1108719859802942	-1.1333892851148042
1231	0.2685242133769713	0.2273034185393737
1232	-1.25261401694877	-1.273209408897802
1233	-0.049423885255338834	-0.08633356128650127
1234	-0.4788469542291286	-0.509934001106245
1235	-0.9307277023617464	-0.9556876121371769
1236	-0.4978749193852489	-0.5287039624599031
1237	-0.3588723251681412	-0.391586130883775
1238	1.0901471503361169	1.0377858136598987
1239	0.8993384458408142	0.8495643207186824
1240	-0.16577702313143794	-0.20110904481258812
1241	-0.056453121987648375	-0.09326748725959602
1242	1.0617677720486345	1.0097912367660289
1243	0.3471530463521352	0.30486610819735643
1244	-0.9493129904618908	-0.9740208987773464
1245	-0.1680584871586762	-0.20335957403469201
1246	0.9322225541269048	0.8820025471194123
1247	0.12800782111610085	0.08869231479538416
1248	-0.2780375897424886	-0.3118474490266318
1249	-0.6804254284688731	-0.7087792344333824
